{"_version": 1, "avg_moves_monotone": 1432.111111111111, "avg_time_monotone": 182.37324445175403, "avg_moves_seq": 2425.15, "avg_time_seq": 1.3232970666885375, "total_move_nums_monotone": [723, 1576, 2350, 110, 21, 175, 2004, 873, 59, 1833, 1491, 1093, 1110, 593, 1691, 149, 888, 96, 533, 226, 2778, 792, 1522, 254, 2544, 1422, 7774, 134, 122, 4250, 607, 9405, 2022, 346, 400, 5886, 1417, 181, 2960, 2601, 52, 100, 299, 3047, 324, 881, 271, 893, 4185, 1310, 3159, 210, 961, 1850, 2206, 2347, 469, 1565, 2199, 387, 1507, 405, 192, 791, 1940, 399, 550, 1067, 140, 833, 100, 359, 1766, 3443, 334, 91, 716, 2433, 2926, 1534, 2007, 97, 684, 1571, 705, 3581, 937, 551, 1521, 8425, 696, 1338, 818, 1347, 3359, 206, 381, 100, 203], "all_move_nums": [[38, 88, 597], [1193, 140, 243], [1697, 166, 487], [43, 34, 33], [11, 8, 2], [105, 12, 58], [150, 106, 1748], [658, 74, 141], [8, 10, 41], [290, 176, 1367], [92, 80, 1319], [908, 62, 123], [930, 58, 122], [48, 128, 417], [1174, 146, 371], [50, 52, 47], [80, 80, 728], [78, 18, 0], [299, 90, 144], [0, 4, 222], [121, 110, 2547], [518, 112, 162], [1172, 142, 208], [121, 52, 81], [68, 94, 2382], [1231, 86, 105], [2855, 92, 4827], [120, 14, 0], [18, 60, 44], [1323, 164, 2763], [1, 10, 596], [5616, 80, 3709], [1345, 162, 515], [312, 34, 0], [0, 4, 396], [2161, 142, 3583], [1212, 96, 109], [0, 0, 181], [278, 130, 2552], [2282, 132, 187], [42, 10, 0], [45, 24, 31], [0, 4, 295], [1773, 162, 1112], [6, 30, 288], [566, 86, 229], [92, 128, 51], [724, 70, 99], [1026, 170, 2989], [771, 180, 359], [603, 174, 2382], [124, 48, 38], [810, 84, 67], [61, 82, 1707], [1880, 140, 186], [1918, 154, 275], [322, 28, 119], [802, 176, 587], [1907, 116, 176], [182, 48, 157], [120, 126, 1261], [4, 0, 401], [0, 10, 182], [9, 56, 726], [443, 174, 1323], [100, 96, 203], [234, 146, 170], [1, 2, 1064], [132, 8, 0], [483, 130, 220], [40, 24, 36], [78, 100, 181], [1573, 100, 93], [463, 156, 2824], [195, 36, 103], [66, 22, 3], [466, 88, 162], [2116, 108, 209], [2544, 136, 246], [1179, 102, 253], [248, 152, 1607], [14, 40, 43], [528, 38, 118], [10, 50, 1511], [515, 106, 84], [2360, 160, 1061], [492, 176, 269], [5, 54, 492], [1072, 168, 281], [5932, 126, 2367], [361, 148, 187], [1165, 74, 99], [647, 46, 125], [7, 64, 1276], [131, 134, 3094], [103, 24, 79], [197, 84, 100], [0, 8, 92], [180, 23, 0]], "times_monotone": [25.147905111312866, 44.8061900138855, 80.96237206459045, 5.150286436080933, 0.8941166400909424, 2.947766065597534, 49.13125038146973, 19.120380878448486, 0.9648027420043945, 14943.694152832031, 32.51968693733215, 14.722007274627686, 14.866126537322998, 27.143126964569092, 57.67429709434509, 45.20332717895508, 22.183507680892944, 3.7793304920196533, 15.85311245918274, 1.3662614822387695, 55.01587271690369, 25.081273317337036, 42.94473457336426, 9.515792608261108, 44.456899881362915, 23.594122648239136, 75.04397392272949, 3.157797336578369, 6.612886667251587, 90.71577835083008, 3.8095850944519043, 84.58132791519165, 60.09998893737793, 9.00218677520752, 0.8556334972381592, 86.61889457702637, 24.24616527557373, 0.4412510395050049, 65.28775310516357, 40.824866771698, 2.1482040882110596, 164.35282278060913, 2.719322443008423, 96.95371150970459, 8.13690996170044, 19.87056803703308, 19.54413938522339, 18.95334005355835, 90.03072261810303, 54.161861181259155, 72.17588829994202, 6.904905080795288, 18.572381258010864, 32.694496870040894, 46.967018604278564, 64.51181697845459, 7.609825372695923, 68.52865600585938, 33.50371241569519, 8.940378427505493, 46.64480972290039, 0.49666547775268555, 2.951237440109253, 18.64167594909668, 71.01819801330566, 14.718343734741211, 27.36184287071228, 1.5535244941711426, 2.6012911796569824, 28.22700071334839, 3.5722715854644775, 13.59613561630249, 30.438239097595215, 77.16515183448792, 9.429622888565063, 3.993638038635254, 20.97287106513977, 33.545931816101074, 46.93250370025635, 27.146495819091797, 62.24440360069275, 4.321435213088989, 9.502857446670532, 26.139621019363403, 23.121846437454224, 112.21366715431213, 36.4533486366272, 14.028953313827515, 53.09362602233887, 57.95269250869751, 33.57640027999878, 21.147486686706543, 12.093930006027222, 23.593679428100586, 62.518033504486084, 4.087902545928955, 14.645061254501343, 2.0162160396575928, 3.875114917755127], "errors_monotone": ["Type: 200, Seed: 58, Correct:False, Error: There was a collision moving block 31 from (3, 5) to (3, 6)"], "total_move_nums_seq": [1862, 2927, 4101, 461, 124, 393, 3233, 1929, 157, 3729, 2706, 2014, 2049, 1467, 3079, 626, 1709, 368, 1298, 323, 4417, 1901, 2932, 927, 4137, 2657, 9187, 379, 445, 6808, 841, 10443, 3466, 967, 521, 8276, 2632, 181, 4556, 4450, 212, 492, 401, 5336, 861, 1940, 931, 1926, 6910, 2851, 5183, 630, 1945, 3065, 3790, 3867, 1015, 3368, 991, 3564, 1000, 2996, 404, 392, 1775, 3743, 921, 1429, 1122, 336, 1873, 360, 868, 3044, 5491, 1055, 440, 1764, 3664, 4425, 2898, 3747, 336, 1345, 2770, 1797, 6126, 2049, 1312, 3044, 10219, 1630, 2525, 1656, 2446, 5200, 507, 1147, 231, 472], "times_seq": [0.8724055290222168, 1.9910924434661865, 3.830852508544922, 0.16648507118225098, 0.050499916076660156, 0.06815457344055176, 1.9774603843688965, 0.6297488212585449, 0.05636096000671387, 2.3535752296447754, 1.2198035717010498, 0.5686535835266113, 0.49384331703186035, 1.0941507816314697, 2.62182879447937, 0.2616424560546875, 0.8711373805999756, 0.09255123138427734, 0.6673297882080078, 0.057858943939208984, 2.0718021392822266, 1.0554211139678955, 1.9618704319000244, 0.2977566719055176, 1.6565003395080566, 0.8625376224517822, 5.169314384460449, 0.06555032730102539, 0.3048691749572754, 3.7401657104492188, 0.18321466445922852, 7.577448606491089, 2.7298784255981445, 0.19703292846679688, 0.10048079490661621, 4.080507040023804, 0.9427328109741211, 0.028607606887817383, 2.6444523334503174, 2.0229251384735107, 0.04409956932067871, 0.21635675430297852, 0.10488319396972656, 4.129231929779053, 0.2613961696624756, 0.7634644508361816, 0.8458375930786133, 0.6983659267425537, 3.4833083152770996, 2.3261008262634277, 2.911221981048584, 0.3143308162689209, 0.7357907295227051, 1.3295047283172607, 2.390268087387085, 3.175053596496582, 0.177079439163208, 2.745481252670288, 0.2409665584564209, 1.7444369792938232, 0.30614733695983887, 1.6945030689239502, 0.06666421890258789, 0.10234522819519043, 0.6490182876586914, 2.5802762508392334, 0.669370174407959, 1.2082593441009521, 0.22006869316101074, 0.05989336967468262, 1.1690456867218018, 0.1142737865447998, 0.6332657337188721, 1.391913652420044, 3.0245718955993652, 0.21184086799621582, 0.1116175651550293, 0.6930944919586182, 1.970729112625122, 2.762542247772217, 1.083601951599121, 2.3024439811706543, 0.19520187377929688, 0.2983696460723877, 0.9011411666870117, 0.957561731338501, 4.902076482772827, 1.6276438236236572, 0.5122716426849365, 2.3785479068756104, 4.387306213378906, 1.479567050933838, 0.7855229377746582, 0.3666954040527344, 0.9257974624633789, 2.4354660511016846, 0.1299748420715332, 0.5534491539001465, 0.06963062286376953, 0.12231326103210449], "errors_seq": []}