{"_version": 1, "avg_moves_monotone": 1432.111111111111, "avg_time_monotone": 30.539158346677066, "avg_moves_seq": 2425.15, "avg_time_seq": 1.3412192535400391, "total_move_nums_monotone": [723, 1576, 2350, 110, 21, 175, 2004, 873, 59, 1833, 1491, 1093, 1110, 593, 1691, 149, 888, 96, 533, 226, 2778, 792, 1522, 254, 2544, 1422, 7774, 134, 122, 4250, 607, 9405, 2022, 346, 400, 5886, 1417, 181, 2960, 2601, 52, 100, 299, 3047, 324, 881, 271, 893, 4185, 1310, 3159, 210, 961, 1850, 2206, 2347, 469, 1565, 2199, 387, 1507, 405, 192, 791, 1940, 399, 550, 1067, 140, 833, 100, 359, 1766, 3443, 334, 91, 716, 2433, 2926, 1534, 2007, 97, 684, 1571, 705, 3581, 937, 551, 1521, 8425, 696, 1338, 818, 1347, 3359, 206, 381, 100, 203], "all_move_nums": [[38, 88, 597], [1193, 140, 243], [1697, 166, 487], [43, 34, 33], [11, 8, 2], [105, 12, 58], [150, 106, 1748], [658, 74, 141], [8, 10, 41], [290, 176, 1367], [92, 80, 1319], [908, 62, 123], [930, 58, 122], [48, 128, 417], [1174, 146, 371], [50, 52, 47], [80, 80, 728], [78, 18, 0], [299, 90, 144], [0, 4, 222], [121, 110, 2547], [518, 112, 162], [1172, 142, 208], [121, 52, 81], [68, 94, 2382], [1231, 86, 105], [2855, 92, 4827], [120, 14, 0], [18, 60, 44], [1323, 164, 2763], [1, 10, 596], [5616, 80, 3709], [1345, 162, 515], [312, 34, 0], [0, 4, 396], [2161, 142, 3583], [1212, 96, 109], [0, 0, 181], [278, 130, 2552], [2282, 132, 187], [42, 10, 0], [45, 24, 31], [0, 4, 295], [1773, 162, 1112], [6, 30, 288], [566, 86, 229], [92, 128, 51], [724, 70, 99], [1026, 170, 2989], [771, 180, 359], [603, 174, 2382], [124, 48, 38], [810, 84, 67], [61, 82, 1707], [1880, 140, 186], [1918, 154, 275], [322, 28, 119], [802, 176, 587], [1907, 116, 176], [182, 48, 157], [120, 126, 1261], [4, 0, 401], [0, 10, 182], [9, 56, 726], [443, 174, 1323], [100, 96, 203], [234, 146, 170], [1, 2, 1064], [132, 8, 0], [483, 130, 220], [40, 24, 36], [78, 100, 181], [1573, 100, 93], [463, 156, 2824], [195, 36, 103], [66, 22, 3], [466, 88, 162], [2116, 108, 209], [2544, 136, 246], [1179, 102, 253], [248, 152, 1607], [14, 40, 43], [528, 38, 118], [10, 50, 1511], [515, 106, 84], [2360, 160, 1061], [492, 176, 269], [5, 54, 492], [1072, 168, 281], [5932, 126, 2367], [361, 148, 187], [1165, 74, 99], [647, 46, 125], [7, 64, 1276], [131, 134, 3094], [103, 24, 79], [197, 84, 100], [0, 8, 92], [180, 23, 0]], "times_monotone": [24.684916257858276, 44.581862688064575, 80.4039626121521, 5.100348234176636, 0.8738822937011719, 2.894324779510498, 48.89075207710266, 18.691349983215332, 0.9273555278778076, 67.43510675430298, 33.29714608192444, 15.10100769996643, 15.273253679275513, 27.348604917526245, 58.47240376472473, 7.341320753097534, 22.516149044036865, 3.789473295211792, 16.218438386917114, 1.3777546882629395, 55.86354088783264, 25.402334451675415, 43.40360450744629, 9.56156325340271, 45.13221096992493, 23.94715666770935, 75.5734715461731, 3.1673574447631836, 6.670223951339722, 91.89455366134644, 3.815890073776245, 85.8167986869812, 60.88050818443298, 9.145280361175537, 0.8589646816253662, 88.79969668388367, 24.434714317321777, 0.43259096145629883, 66.62764048576355, 41.36012935638428, 2.127497911453247, 5.416659832000732, 1.629082441329956, 99.10957741737366, 8.251279592514038, 20.35140037536621, 20.00861883163452, 19.1166934967041, 91.70917582511902, 55.12247061729431, 73.98595762252808, 7.097446441650391, 18.73605465888977, 33.2647979259491, 47.692912340164185, 65.57578420639038, 7.634312868118286, 69.41564440727234, 33.67703890800476, 8.990913391113281, 46.849363803863525, 0.4903717041015625, 2.9597020149230957, 18.903671741485596, 71.77860856056213, 15.11622929573059, 28.062252283096313, 1.576239824295044, 2.6303749084472656, 28.68403148651123, 3.5856871604919434, 13.767053127288818, 30.97051692008972, 78.26854705810547, 9.495793104171753, 3.983285427093506, 21.0960795879364, 34.199533462524414, 47.67285752296448, 27.71960687637329, 63.72109508514404, 4.356584310531616, 9.628165483474731, 26.570443630218506, 23.543728351593018, 114.83582401275635, 36.9376859664917, 14.34486174583435, 54.42128801345825, 59.16351532936096, 34.43859887123108, 21.618805170059204, 12.30434775352478, 24.01425528526306, 64.03042554855347, 4.12105917930603, 14.693503856658936, 2.008725166320801, 3.892993927001953], "errors_monotone": ["Type: 200, Seed: 58, Correct:False, Error: There was a collision moving block 31 from (3, 5) to (3, 6)"], "total_move_nums_seq": [1862, 2927, 4101, 461, 124, 393, 3233, 1929, 157, 3729, 2706, 2014, 2049, 1467, 3079, 626, 1709, 368, 1298, 323, 4417, 1901, 2932, 927, 4137, 2657, 9187, 379, 445, 6808, 841, 10443, 3466, 967, 521, 8276, 2632, 181, 4556, 4450, 212, 492, 401, 5336, 861, 1940, 931, 1926, 6910, 2851, 5183, 630, 1945, 3065, 3790, 3867, 1015, 3368, 991, 3564, 1000, 2996, 404, 392, 1775, 3743, 921, 1429, 1122, 336, 1873, 360, 868, 3044, 5491, 1055, 440, 1764, 3664, 4425, 2898, 3747, 336, 1345, 2770, 1797, 6126, 2049, 1312, 3044, 10219, 1630, 2525, 1656, 2446, 5200, 507, 1147, 231, 472], "times_seq": [0.8511734008789062, 1.9506490230560303, 3.8579115867614746, 0.16388726234436035, 0.04911398887634277, 0.06647825241088867, 1.950230598449707, 0.6207067966461182, 0.05457329750061035, 2.412367582321167, 1.2489380836486816, 0.58868408203125, 0.5003888607025146, 1.1168427467346191, 2.668510675430298, 0.26415395736694336, 0.8778870105743408, 0.09397459030151367, 0.6782550811767578, 0.058364152908325195, 2.123347520828247, 1.0682785511016846, 2.001192331314087, 0.3018217086791992, 1.6985535621643066, 0.8722803592681885, 5.21160888671875, 0.06527233123779297, 0.293440580368042, 3.7916407585144043, 0.18031096458435059, 7.656786203384399, 2.818361282348633, 0.19978737831115723, 0.10212469100952148, 4.166462659835815, 0.9457006454467773, 0.02781391143798828, 2.636430501937866, 2.0314271450042725, 0.0442354679107666, 0.13097524642944336, 0.06386542320251465, 4.225146770477295, 0.26554441452026367, 0.7795002460479736, 0.8509800434112549, 0.7113244533538818, 3.5122005939483643, 2.36592960357666, 2.956634521484375, 0.3195948600769043, 0.7549283504486084, 1.355626106262207, 2.4508683681488037, 3.208871603012085, 0.17818093299865723, 2.7969553470611572, 0.2378993034362793, 1.7634944915771484, 0.307220458984375, 1.6990966796875, 0.06772208213806152, 0.10426592826843262, 0.6444189548492432, 2.6638615131378174, 0.6859493255615234, 1.227893590927124, 0.22240209579467773, 0.06085991859436035, 1.184880256652832, 0.11537647247314453, 0.6527731418609619, 1.402681589126587, 3.062396287918091, 0.21199727058410645, 0.11208391189575195, 0.6918842792510986, 1.9936902523040771, 2.833646535873413, 1.1152219772338867, 2.33030104637146, 0.19751262664794922, 0.30141592025756836, 0.9122071266174316, 0.9667203426361084, 5.026405096054077, 1.6634700298309326, 0.5253558158874512, 2.447336435317993, 4.450192451477051, 1.5195233821868896, 0.8060264587402344, 0.3789348602294922, 0.9382815361022949, 2.4850828647613525, 0.1305851936340332, 0.5493752956390381, 0.06995558738708496, 0.12443161010742188], "errors_seq": []}