{"_version": 1, "avg_moves_monotone": 5327.3, "avg_time_monotone": 570.8959267616272, "avg_moves_seq": 10866.7, "avg_time_seq": 12.702140974998475, "total_move_nums_monotone": [7140, 1511, 522, 1078, 13789, 1037, 12766, 10112, 4797, 521], "all_move_nums": [[2, 58, 7080], [925, 334, 252], [0, 4, 518], [774, 198, 106], [13124, 338, 327], [861, 44, 132], [184, 294, 12288], [9596, 270, 246], [4126, 310, 361], [273, 48, 200]], "times_monotone": [269.04661536216736, 521.9911708831787, 8.76271390914917, 281.4912509918213, 1167.3714933395386, 70.61425185203552, 1640.0179312229156, 850.1404273509979, 810.9888641834259, 88.53454852104187], "errors_monotone": [], "total_move_nums_seq": [10465, 7047, 923, 5505, 24265, 2484, 23648, 18663, 13202, 2465], "times_seq": [5.365370512008667, 12.240517139434814, 0.3168506622314453, 5.380083084106445, 32.32997536659241, 1.014585018157959, 25.91243886947632, 19.835153579711914, 23.56167483329773, 1.064760684967041], "errors_seq": []}